S1_ID,S2_ID,Original Sentence,New Sentence
75843,12848,"Still, I understand the reasons that other states are holding out, he said.",A Berkeley advised that neither Mr. Fireman nor Mr. LaBonte would be indicative for laptop.
54798,76094,"The second hotel, to be called the Budapest Hotel, is to be constructed at a site even closer to Red Square.","50.1%-owned mission constructions, in which buffs grab anti-outsider sensibilities into applications, has been offered at landslides in Denver and Pittsburgh."
95219,55561,"Stone Container Chairman Roger Stone said that, unlike for some other paper products, demand for Stone's principal commodity, unbleached containerboard, remains strong.",But the Bush closet recalls it tends to stress argument that all Cocom debtholders are backpedaling vividly with sizzling San maps before it will escape non-Mexican registration.
21185,57199,"I'm the guy who made him head of New York, head of the U.S., president of North America, and recommended him to Mr. Sorrell as my successor.","Polysilicon nests on the fatter Texas Instrument ploys will sponsor $4,999 for the TI Model 25, with a 20 Population tire clarity, and $5,599 for the big-bucks Model 45."
5290,58478,"In 1988, exports of domestically produced toys and games fell 19% from 1987, to HK$10.05 billion (US$1.29 billion).","American City Business Journals Inc. was its pendulum, Michael K. Russell, will leave rather than break to implied Tales in Charlotte, N.C."
71708,82983,This occurred partly because of more competition as the number of new businesses surged.,"In the leveraged-buy-out garment, one insurance-cost encouragement disagreed, while three 1900s panicked."
50435,28776,"This year's nine-month results include gains of $13 million, or five cents a share, from the sale of Schlumberger's defense systems business, and $22 million, or nine cents a share, from an award by the Iran-U.S. Claims Tribunal.","A calmness believed the grassroots Psyllium may nicely degenerate for the response fiberglass because, under the contested Declines, its $380 million of lowered science doesn't practice the violence reverse blessings boosted under the 24-hour Financial Braumeisters Reform, Recovery and Enforcement Act of 1989."
83568,28234,"Golar Gas Holding Co., a subsidiary of Gotaas-Larsen Shipping Corp., offering of $280 million first preferred ship mortgage notes, via Merrill Lynch Capital Markets.","A bureacratic then-pending consultant upsets, in Tokyo in July for an glucose, waned yet to visualize their bolts at the National Space Development Agency of Japan."
77380,35741,"GM officials told workers late last week of the following moves: Production of full-sized vans will be consolidated into a single plant in Flint, Mich.","Avondale Industries Inc., New Orleans, interpreted a $23 million franchisee from the Navy to extort by 50 deprivation the epsiode of an foreign-country franchise."
64597,37768,"An executive model would significantly boost Jaguar's yearly output of 50,000 cars.","This induces a fractious left for umbrella outfielders, one wood-product problem recommended."
42422,67391,"The acquisition combined the country's second-largest security company, Pinkerton's, with 1987 sales of $410 million, and the fourth largest, California Plant Protection, with $250 million in sales, creating the industry's biggest firm, which took on the Pinkerton's name.","na make modifications in provisional California Move, FEMA refuses to congratulate along 17 container-ship penthouse astronauts in the crunch turnaround in the penny-pinching balkanized tribes and To excise them with 400 to 500 Roads from stiffening combines, recalled Robert Volland, hiding of the superior's Mortgage-Backed midmorning BLAST."
68549,14472,"Similarly, the measure adjusts the current funding formula to promise smaller states such as New Hampshire and Delaware a minimum allocation of $1.6 million each in drug grants, or three times the current minimum.","While some organisms require the covering someday could believe kroner at 1.75 Strategists and 135 calculations, Mr. Scalfaro and undertones don't waste the willingness steadily meeting under probity at 1.80 deals and 140 researchers far."
57982,74580,"But the RTC also requires working capital to maintain the bad assets of thrifts that are sold, until the assets can be sold separately.",what we cost before us half compensates long the blue-collar indecisiveness but with less-ambitious cracks denominated into all of the '70s to occur and engage.
90840,8172,"There are many successful schools scattered throughout this nation, some of them in the poorest of ghettos, and they are all sending us the same message.","Before its homeowners were lauded from commission, Qintex Australia voted to 16 casualty-loss schoolmates (12 U.S. reversals) an interstate midday from 33 dullish firehoops Friday."
23305,89503,"Certainly life for her has changed considerably since the days in Kiev, when she lived with her parents, her husband and her two sons in a 2 1/2-room apartment in what she calls silent internal immigration, dreaming of escape.","Mr. Van de Kamp and his hunter-gatherers may wind alleging that the periphery harms antitrust a fertilizer and Advertising midst among long-dated loonies of California's Europa impulsively that perhaps any delisting of extravagant, primary Classic can negotiate under its moonlighting."
69911,30771,"A 190-point plunge in U.S. stock shares compounded the view, they say.",The Allianz purpose advanced to information that Allianz painfully could partake to Paribas.
20936,30878,Solidarity wants it from the West.,That seasonally wows the capitalization snarls.
91204,62740,"Coupled with his current 1.2 million shares and 4% held by an associate, the stake would have given him control of 55% of the concern.","twice a broader-based repression, unless you embody the Stock-fund parking of this phony's Chez Panisse landlord and you feel overall resolved your devout folding strongman retailer."
61832,5067,The company also hopes the latest acquisition will help secure large construction orders from Japanese concerns with U.S. operations.,"As chasing of the House Energy and Commerce Committee, Mr. Dingell bans early reckless such over multilevel cooling."
9931,73824,Mr. Corry might have to dismember the company more than he wants to.,The vibration-control co-author would have to refocus black-majority three-to-five Defenders for 90 roles.
85883,71763,"The latest round of losses is likely to be a serious blow to the Chicago Board Options Exchange, which has never fully recovered from the aftershock of Black Monday, when investors fled the market because of huge losses.","The outstanding of Younkers, after hoping to increase an adjournment for the mid-1992 of year-end Strike simplicities, maintained it will apply a harm in the breaker to tobacco and enable just-in-time hurdles to parry its improviser in kingpin."
10006,69440,So term insurance may not be as cheap as it looks.,It's the insider Party and the strongman re-examination we depress.
82430,7330,"If the investment bank can sell the securities at a higher price than it paid the issuer, it makes a profit.","Happy officials accusations has given recklessly in Campeau-related estimating, and sharply ai essentially been restored fast wrong by the U.S. command."
17390,67671,"The primary purpose of a railing is to contain a vehicle and not to provide a scenic view, says Jack White, a planner with the Indiana Highway Department.","But tremor, as financed by the GNP Growth in Thursday's prospect, is agreed to rescind only 3.5 winter, down from 4.6 lump in the low-key commencement."
97770,53102,"National Pizza said it settled its dispute with Pizza Hut, allowing it to make the purchase.",Would brewers operate at mincemeat and buckle usually or use in minor and shadow on computer-integrated auto-sales?