W,PRON
knownged,n6n_d
skwalls,skw{lz
bylth,bIlT
cwek,kwEk
sckeedged,ski_d
thownts,T6nts
wroarlds,r9ldz
scuve,skjuv
threpts,TrEpts
droarmths,dr9mTs
ghulmn,gVlm
zumbs,zVmz
gwienn,gw2n
spoides,sp4dz
sckwoughpth,skw9pT
krimf,krImf
freib,fr1b
wrurths,r3Ts
phrieled,frild
spluvved,splVvd
grourthed,gr9Tt
swointh,sw4nT
sowlt,s6lt
splused,splust
snadd,sn{d
slolfed,slQlft
phrauf,fr9f
goughsh,g9S
keame,kim
kwuised,kwust
ghwaughdged,gw9_d
skwaibbs,skw1bz
crirbed,kr3bd
gnoarks,n9ks
sprendged,sprEn_d
sheetch,SiJ
dwammth,dw{mT
soins,s4nz
gloomths,glumTs
zimpte,zImpt
thrauggs,Tr9gz
pleighphs,pl1fs
zernts,z3nts
fluip,flup
glencks,glENks
sckwauth,skw9T
ralgns,r{lnz
naughst,n9st
scirls,sk3lz
zeav,ziv
gensed,_Enst
swigned,swInd
stussed,stVst
veevvs,vivz
scrighn,skr2n
scketes,skits
shrans,Sr{nz
clisped,klIspt
swandged,sw{n_d
yauced,j9st
phoced,f5st
clavs,kl{vz
skaup,sk9p
rells,rElz
jint,_Int
phleinns,fl1nz
frect,frEkt
phlormn,fl9m
gheembth,gimT
nighped,n2pt
phleake,flik
choushed,J6St
toaphths,t5fTs
peumn,pum
ghrardes,gr#dz
falde,f{ld
blore,bl9
snoaled,sn5ld
sckeands,skindz
sckreummed,skrumd
smourpth,sm9pT
snoune,sn6n
moamms,m5mz
sckave,sk1v
skrauned,skr9nd
bloign,bl4n
driscked,drIskt
jeegue,_ig
croarfed,kr9ft
wheafth,wifT
gwerdes,gw3dz
reth,rET
blaissed,bl1st
wimpse,wImps
clight,kl2t
kaummth,k9mT
loutched,l6Jt
ghweize,gw1z
spreighck,spr1k
sckwilmbs,skwIlmz
shrergs,Sr3gz
ghrorths,gr9Ts
sholck,SQlk
roarms,r9mz
shroarte,Sr9t
thauck,T9k
skugued,skVgd
skite,sk2t
sckwoobs,skwubz
glaughphth,gl9fT
ghyksts,gIksts
jeighnth,_1nT
zaiphth,z1fT
shrength,SrENT
thugued,TVgd
simf,sImf
skeafes,skifs
zoamed,z5md
yimbed,jImd
snuimth,snumT
wabes,w1bz
graughbs,gr9bz
grauzzed,gr9zd
whernts,w3nts
ghwiete,gwit
klease,klis
grocsts,grQksts
selk,sElk
sckrarnde,skr#nd
clawfth,kl9fT
ghroursh,gr9S
ghriel,gr2l
gricced,grIkst
thourcks,T9ks
spleigues,spl1gz
varne,v#n
sloudged,sl6_d
phloarpth,fl9pT
scort,sk9t
haldge,h{l_
skwawth,skw9T
swoarfth,sw9fT
scwoassed,skw5st
skrengs,skrENz
pophths,pQfTs
prurld,pr3ld
kleights,kl1ts
fleighdge,fl1_
prifte,prIft
jawntch,_9nJ
timp,tImp
phimphed,fImft
sckwoughge,skw9_
frerth,fr3T
kwowshed,kw6St
strourgued,str9gd
pserste,s3st
skoacs,sk5ks
phralcs,fr{lks
craughge,kr9_
smornd,sm9nd
skreffed,skrEft
gwailed,gw1ld
beuch,buJ
rhipsed,rIpst
choace,J5s
vilbs,vIlbz
gloald,gl5ld
prilck,prIlk
rheaphths,rifTs
sckaicked,sk1kt
ghappth,g{pT
kruiffth,krufT
fylbed,fIlbd
thraufs,Tr9fs
thoughmths,T9mTs
skroarmths,skr9mTs
ghlome,gl5m
bleulled,bluld
fruised,frust
quents,kwEnts
tronts,trQnts
scryln,skrIln
dreatch,driJ
crenth,krEnT
bargued,b#gd
voacs,v5ks
sckwalph,skw{lf
skoughged,sk9_d
lale,l1l
shruinds,Srundz
loppth,lQpT
clurth,kl3T
wawzed,w9zd
mawntch,m9nJ
scresk,skrEsk
ziste,zIst
kleumbth,klumT
theuks,Tuks
praiche,pr1S
thruicks,Truks
mufth,mVfT
skreaths,skriTs
glerb,gl3b
sckwolc,skwQlk
rhoose,rus
dorps,d9ps
gosps,gQsps
snorf,sn9f
dructe,drVkt
phloms,flQmz
gnerbs,n3bz
brerph,br3f
clerste,kl3st
krulse,krVls
deighmed,d1md
cloand,kl5nd
hoarnde,h9nd
skryphs,skrIfs
sneigged,sn1gd
skynce,skIns
kloarnd,kl9nd
dwoid,dw4d
spofths,spQfTs
guick,gIk
rhoffs,rQfs
kwad,kw{d
grokced,grQkst
thurt,T3t
ghwiste,gwIst
splylched,splIlJt
speinned,sp1nd
shranced,Sr{nst
phlimf,flImf
zyss,zIs
ghwoonde,gwund
yuibbs,jubz
dorld,d9ld
pseuled,suld
smoarste,sm9st
ghweils,gw1lz
whorse,w9s
zamfs,z{mfs
gnaired,n8d
bloff,blQf
koaze,k5z
kolque,kQlk
croarphth,kr9fT
skote,sk5t
chewque,Juk
stramn,str{m
krunx,krVNks
kwunck,kwVNk
whaughced,w9st
felcked,fElkt
skreighnds,skr1ndz
polf,pQlf
quiphths,kwIfTs
wieged,wi_d
kraut,kr9t
splacts,spl{kts
smoogn,smun
drirns,dr3nz
lourb,l9b
froaphed,fr5ft
drirg,dr3g
shauphs,S9fs
floltch,flQlJ
ghwaivved,gw1vd
elps,Elps
thweeds,Twidz
phoutt,f6t
cwoombs,kwumz
thrieste,Tr2st
sloln,slQln
drark,dr#k
ghweigue,gw1g
crarthe,kr#D
gheped,gipt
trawgn,tr9n
drourfth,dr9fT
beighndged,b1n_d
grav,gr{v
psooppth,supT
whoft,wQft
nirrs,n3z
ghandge,g{n_
phlampsed,fl{mpst
vylce,vIls
farlds,f#ldz
staln,st{ln
skwonths,skwQnTs
thrists,TrIsts
twoarm,tw9m
cwownged,kw6n_d
ceumms,sumz
caife,k1f
snamphs,sn{mfs
ghlerthed,gl3Tt
gnirmbth,n3mT
throv,TrQv
crolse,krQls
smarfte,sm#ft
wrourntch,r9nJ
whaubed,w9bd
paughste,p9st
cromths,krQmTs
fryse,fr2s
psalgned,s{lnd
gobed,g5bd
crirch,kr3J
scwinsed,skwInst
graughked,gr9kt
kneunts,nunts
dwo,dw5
ghwaulds,gw9ldz
spouce,sp6s
jeese,_is
skerlds,sk3ldz
slumes,slumz
phrirths,fr3Ts
phygued,fIgd
myncked,mINkt
kerpths,k3pTs
kynths,kInTs
psorphths,s9fTs
krurb,kr3b
paubs,p9bz
glaifes,gl1fs
sckrikte,skrIkt
skwelphs,skwElfs
drighnth,dr2nT
shroarmths,Sr9mTs
mourve,m9v
culce,kVls
scrails,skr1lz
sworz,sw9z
frarsed,fr#st
spreighche,spr1S
klorgue,kl9g
pheape,fip
theused,Tust
wroappth,r5pT
slifed,sl2ft
ghose,g5s
cwysked,kwIskt
vipts,vIpts
yomped,jQmpt
nies,n2z
scraunds,skr9ndz
skwokte,skwQkt
thweaque,Twik
crarned,kr#nd
draipths,dr1pTs
ghreindged,gr1n_d
phroolt,frult
scweighved,skw1vd
sckwiemn,skw2m
tiebb,t2b
thrak,Tr{k
flybes,fl2bz
sckwepte,skwEpt
yerse,j3s
stort,st9t
zuifth,zufT
cloapths,kl5pTs
mylns,mIlnz
swoagged,sw5gd
ghweighth,gw1T
ghewnde,gjund
gawvs,g9vz
skeazed,skizd
cheummth,JumT
flarlte,fl#lt
kruipped,krupt
glylthed,glIlTt
glieg,gl2g
hink,hINk
ghwurgn,gw3n
skighnts,sk2nts
tulf,tVlf
vighsed,v2st
salmbed,s{lmd
yulcks,jVlks
cheighcs,J1ks
splipps,splIps
phlourshed,fl9St
skeksts,skEksts
kneick,n1k
kloolled,kluld
raph,r{f
psowte,s6t
vares,v8z
psewce,sjus
jocced,_Qkst
ufs,Vfs
sckrerved,skr3vd
snenksed,snENkst
sploughfed,spl9ft
squoites,skw4ts
twypte,twIpt
whaugue,w9g
phroofes,frufs
yalgns,j{lnz
cwugs,kwVgz
swind,swInd
ghwerf,gw3f
klurked,kl3kt
fiped,f2pt
phryncs,frINks
blirmbed,bl3md
cleems,klimz
mawlds,m9ldz
sckommed,skQmd
chawphs,J9fs
phlowst,fl6st
juignth,_unT
premn,prEm
dreunts,drunts
skrerbes,skr3bz
sweuve,swuv
shrafts,Sr{fts
gheetched,giJt
splourch,spl9J
flawv,fl9v
psunse,sVns
skwighbs,skw2bz
smeighge,sm1_
gleuned,glund
phricts,frIkts
queushed,kwuSt
fruc,frVk
moogned,mund
yurdes,j3dz
flauffs,fl9fs
psighm,s2m
strorms,str9mz
kweacs,kwiks
theeck,Tik
wrurnths,r3nTs
teents,tints
threud,Trud
broagued,br5gd
glops,glQps
peids,p1dz
creates,krits
skwynce,skwIns
splaunched,spl9nJt
sckrawte,skr9t
streged,stri_d
pheakks,fiks
meebs,mibz
phreun,frun
scwoabbed,skw5bd
froafths,fr5fTs
scroughsts,skr9sts
dwott,dwQt
threighsed,Tr1st
kength,kENT
kwimths,kwImTs
jurmed,_3md
thawthe,T9D
sckene,skin
sneuks,snuks
swisked,swIskt
sleutts,sluts
glaughnth,gl9nT
skafte,sk{ft
cwave,kw1v
cwuissed,kwust
serl,s3l
voammed,v5md
wrikts,rIkts
skalv,sk{lv
gheigues,g1gz
lirred,l3d
snerthed,sn3Tt
thwuksed,TwVkst
flird,fl3d
hamfs,h{mfs
slescked,slEskt
sckwoague,skw5g
slike,sl2k
frerk,fr3k
ghrefed,grift
thweafths,TwifTs
spreuls,sprulz
knaugg,n9g
soughk,s9k
drawgues,dr9gz
snaule,sn9l
creen,krin
wrerpe,r3p
gweiff,gw1f
stoome,stum
squympt,skwImpt
bagnth,b{nT
cirned,s3nd
phrorfth,fr9fT
cweiged,kw1_d
flign,flIn
cwourmth,kw9mT
breimbth,br1mT
droughged,dr9_d
spleetts,splits
ghriks,grIks
quaughfs,kw9fs
prirled,pr3ld
doged,d5_d
skoughphs,sk9fs
squookked,skwukt
straumed,str9md
gnerbes,n3bz
psosc,sQsk
yuilts,jults
plawse,pl9s
kymes,k2mz
sploaz,spl5z
stroughzed,str9zd
dwyft,dwIft
thryndged,TrIn_d
sckawl,sk9l
ghreighndged,gr1n_d
swoughque,sw9k
teummed,tumd
brauve,br9v
shrantse,Sr{nts
tharcked,T#kt
croundge,kr6n_
doushed,d6St
vurlts,v3lts
ghwormbth,gw9mT
ghlylds,glIldz
wrouge,r6_
knoinths,n4nTs
wrewv,ruv
gese,_is
throrks,Tr9ks
phrighlte,fr2lt
gwece,gwis
roarfed,r9ft
gnewnd,njund
domphs,dQmfs
staughphs,st9fs
spop,spQp
cwiefes,kwifs
groammth,gr5mT
frabb,fr{b
thidd,TId
deethe,diD
gwylped,gwIlpt
snaubs,sn9bz
sighse,s2s
quaphths,kw{fTs
sckrocts,skrQkts
psougnth,s6nT
rhurfths,r3fTs
ghrood,grud
kounths,k6nTs
scwined,skw2nd
jylse,_Ils
habbed,h{bd
thoarphs,T9fs
rheab,rib
graiggs,gr1gz
ghreltch,grElJ
prownes,pr6nz
phrawcked,fr9kt
cwainth,kw1nT
wraimbs,r1mz
sparft,sp#ft
scyssed,skIst
ghuib,gub
thignth,TInT
pheev,fiv
zoonde,zund
wheefed,wift
slunx,slVNks
flumms,flVmz
steapth,stipT
strescked,strEskt
phrin,frIn
rhoobed,rubd
ploads,pl5dz
yene,jin
dreeps,drips
zeighnts,z1nts
quelks,kwElks
kelked,kElkt
knerpth,n3pT
fank,f{Nk
shyle,S2l
shrunze,SrVnz
azzed,{zd
ghlarst,gl#st
vaife,v1f
ghrieked,grikt
skwese,skwis
kwonz,kwQnz
gwush,gwVS
shrourmbth,Sr9mT
dwoughmb,dw9m
veest,vist
thuscked,TVskt
zint,zInt
kridged,krI_d
throuthe,Tr6D
vylts,vIlts
crurdes,kr3dz
brounths,br6nTs
spaifths,sp1fTs
trekes,triks
prieg,pr2g
guipe,g2p
kwence,kwEns
plargs,pl#gz
luigned,lund
kroughced,kr9st
zilth,zIlT
snanc,sn{Nk
smirb,sm3b
dwouced,dw6st
laige,l1_
kweighge,kw1_
dwuiphth,dwufT
sckweimmth,skw1mT
hirth,h3T
knewnd,njund
groafes,gr5fs
skwoarmbs,skw9mz
shrownt,Sr6nt
veuk,vuk
swaufed,sw9ft
sckwibed,skw2bd
stoughds,st9dz
strur,str3
whunx,wVNks
skryndged,skrIn_d
splukte,splVkt
cawg,k9g
smawf,sm9f
quauck,kw9k
vurnes,v3nz
ghremphs,grEmfs
stalsed,st{lst
joits,_4ts
skumpce,skVmps
ghluinnth,glunT
skwirmbth,skw3mT
skroaged,skr5_d
voarmb,v9m
noafed,n5ft
strawved,str9vd
kalns,k{lnz
squorgued,skw9gd
whooled,wuld
twaughmed,tw9md
draughgue,dr9g
heem,him
ghlaumb,gl9m
sterned,st3nd
wrarmbth,r#mT
dweighl,dw1l
shoash,S5S
sarked,s#kt
vurgues,v3gz
phrowge,fr6_
pseithe,s1D
scwulgn,skwVln
ghwolms,gwQlmz
roozzed,ruzd
klylph,klIlf
speaz,spiz
pontch,pQnJ
sckimpced,skImpst
sckald,sk{ld
stoarthe,st9D
gliegg,gl2g
splelte,splElt
psesque,sEsk
vaifths,v1fTs
skwolphs,skwQlfs
twympce,twImps
soands,s5ndz
breese,bris
smoughve,sm9v
skwoughst,skw9st
vunthed,vVnTt
swoed,sw5d
bewgn,bjun
dwoughts,dw9ts
shreemths,SrimTs
wrolps,rQlps
gnoops,nups
guixte,gIkst
quaums,kw9mz
ghoabb,g5b
spexts,spEksts
bourgs,b9gz
sweighnged,sw1n_d
zawbs,z9bz
sckreaffs,skrifs
gawned,g9nd
snoarv,sn9v
ciffs,sIfs
snunkced,snVNkst
gwiep,gw2p
threib,Tr1b
ziff,zIf
cilced,sIlst
kroulde,kr6ld
twobes,tw5bz
sperbes,sp3bz
gworgues,gw9gz
skeults,skults
sprernds,spr3ndz
brelks,brElks
kreet,krit
smeic,sm1k
threinth,Tr1nT
kroose,krus
thighse,T2s
puin,pun
kleque,klEk
druzz,drVz
squorpes,skw9ps
theuth,TuT
karpht,k#ft
sckaigues,sk1gz
thwanx,Tw{Nks
fraled,fr1ld
rirz,r3z
phloold,fluld
klurr,kl3
gruid,grud
psalls,s{lz
cweifths,kw1fTs
sckrurnd,skr3nd
krilfed,krIlft
cruice,krus
sharme,S#m
snorlds,sn9ldz
befth,bEfT
kwormth,kw9mT
ceighdged,s1_d
skopes,sk5ps
freambth,frimT
cluise,klus
bumed,bjumd
thwoiles,Tw4lz
verfths,v3fTs
mirns,m3nz
snynes,sn2nz
phloophth,flufT
sorphth,s9fT
threrde,Tr3d
glighth,gl2T
screetts,skrits
ghleilds,gl1ldz
stap,st{p
plovved,plQvd
koobed,kubd
knake,n1k
vaughsts,v9sts
slengs,slENz
seighse,s1s
phanks,f{Nks
squildge,skwIl_
ghozz,gQz
squowntse,skw6nts
thwauppth,Tw9pT
swylmbed,swIlmd
roafs,r5fs
thweves,Twivz
ghwield,gw2ld
sckwawnch,skw9nJ
sckaivvs,sk1vz
lolth,lQlT
shroagns,Sr5nz
sckwosc,skwQsk
guarved,g#vd
sckweighs,skw1z
aivved,1vd
broax,br5ks
bruck,brVk
sould,s6ld
towthe,t6D
grourz,gr9z
kneighphths,n1fTs
cwolms,kwQlmz
cwarlde,kw#ld
sweesh,swiS
phrardes,fr#dz
pheekes,fiks
sploobbs,splubz
frailt,fr1lt
clownte,kl6nt
ghlifs,glIfs
wrauc,r9k
grerlt,gr3lt
baifs,b1fs
swulped,swVlpt
drukked,drVkt
rormbth,r9mT
smorled,sm9ld
kneumn,num
dweived,dw1vd
grouthed,gr6Tt
speague,spig
springe,sprIn_
thrunz,TrVnz
bupt,bVpt
krerdge,kr3_
thrurved,Tr3vd
clukes,kluks
lulp,lVlp
scwinde,skwInd
wrighnths,r2nTs
skrowche,skr6S
yarc,j#k
clelt,klElt
spobed,sp5bd
stighgued,st2gd
quaufths,kw9fTs
ghlynk,glINk
sckroignth,skr4nT
skrobb,skrQb
grarcs,gr#ks
spourfth,sp9fT
showlds,S6ldz
sawdge,s9_
spranthed,spr{nTt
poand,p5nd
skourpths,sk9pTs
jepte,_Ept
ghregues,grEgz
brauf,br9f
phlukte,flVkt
priths,prITs
spraughce,spr9s
ghwighds,gw2dz
kroonte,krunt
stougn,st6n
scorves,sk9vz
gleite,gl1t
thwaukks,Tw9ks
zysts,zIsts
throaced,Tr5st
tambs,t{mz
skroutched,skr6Jt
swynte,swInt
trondged,trQn_d
phowlts,f6lts
shroosts,Srusts
nuffth,nVfT
sive,s2v
ghweappth,gwipT
derlte,d3lt
viek,v2k
awste,9st
sourque,s9k
plysps,plIsps
sprawmn,spr9m
ghwocked,gwQkt
floughv,fl9v
cwowged,kw6_d
phlontch,flQnJ
geatch,_iJ
rupced,rVpst
waphs,w{fs
woazzed,w5zd
sprepse,sprEps
ilve,Ilv
spocts,spQkts
kwarp,kw#p
sckissed,skIst
shroab,Sr5b
kwarl,kw#l
pephte,pEft
pronc,prQNk
cleuv,kluv
grendged,grEn_d
meapps,mips
quarz,kw#z
varzed,v#zd
sturb,st3b
fuinth,funT
flowd,fl6d
veighlts,v1lts
dreidge,dr1_
flurmes,fl3mz
skroax,skr5ks
scoudge,sk6_
visked,vIskt
twaughnte,tw9nt
splarque,spl#k
bruffth,brVfT
kouth,k6T
voughv,v9v
sckurnde,sk3nd
heammed,himd
townts,t6nts
koarlds,k9ldz
scwernte,skw3nt
skoarbs,sk9bz
snirnts,sn3nts
geighmbth,_1mT
jes,_Es
drirnths,dr3nTs
scupths,skVpTs
strernths,str3nTs
fupce,fVps
thwylf,TwIlf
ghuibs,gubz
skwiph,skwIf
stroonths,strunTs
choughgns,J9nz
throwlte,Tr6lt
yoarg,j9g
yuinns,junz
zarft,z#ft
eemn,im
skeinth,sk1nT
sckwekte,skwEkt
crighfths,kr2fTs
sckulged,skVl_d
kloolls,klulz
draughf,dr9f
waindge,w1n_
grourths,gr9Ts
skweigs,skw1gz
glimphs,glImfs
gansed,g{nst
chuite,Jut
throinth,Tr4nT
teve,tiv
squaiz,skw1z
chylts,JIlts
frircs,fr3ks
trov,trQv
skonck,skQNk
zegnth,zEnT
cwaufed,kw9ft
sckoates,sk5ts
ghreem,grim
sprolk,sprQlk
kwoaves,kw5vz
gnombed,nQmd
shryced,Sr2st
krelmed,krElmd
glilked,glIlkt
shramf,Sr{mf
psimp,sImp
twaughlte,tw9lt
ghwet,gwEt
sckweered,skw7d
primth,prImT
sckroarthed,skr9Tt
skwoard,skw9d
phlailt,fl1lt
thiep,T2p
kwuithe,kwuD
skwaich,skw1J
byscks,bIsks
phleighfs,fl1fs
sckenksed,skENkst
thwolk,TwQlk
ghwoinned,gw4nd
scrynck,skrINk
cleapth,klipT
fargued,f#gd
grusc,grVsk
choagg,J5g
ghweumed,gwumd
tawd,t9d
gnewmn,njum
blive,bl2v
ghwitch,gwIJ
quykks,kwIks
skoughnt,sk9nt
scourt,sk9t
spraunt,spr9nt
jailds,_1ldz
dolms,dQlmz
skweapps,skwips
rowsh,r6S
skwekte,skwEkt
ghaughsed,g9st
drowst,dr6st
kwumpsed,kwVmpst
scworp,skw9p
yeip,j1p
spreinds,spr1ndz
hymmth,hImT
bloilled,bl4ld
ghruignth,grunT
thrugg,TrVg
tret,trEt
phrafed,fr1ft
pourged,p9_d
wraughmth,r9mT
scoobe,skub
spoughc,sp9k
blelque,blElk
styphths,stIfTs
scweilled,skw1ld
grarck,gr#k
swuyfs,sw2fs
theans,Tinz
squonck,skwQNk
quadd,kw{d
phompse,fQmps
sckrourte,skr9t
swaipe,sw1p
sckiek,sk2k
gnurms,n3mz
kwargued,kw#gd
gloursts,gl9sts
phraiche,fr1S
proughbed,pr9bd
shourv,S9v
croughm,kr9m
plempsed,plEmpst
nonze,nQnz
leunnth,lunT
preaths,priTs
shoughned,S9nd
goidds,g4dz
lerf,l3f
cwuid,kwud
spleaks,spliks
knowls,n6lz
skwitt,skwIt
rerm,r3m
krirfths,kr3fTs
quorste,kw9st
fleivs,fl1vz
shourgs,S9gz
krinced,krInst
betch,bEJ
phlerfe,fl3f
thweuphed,Twuft
phreelts,frilts
blym,blIm
slurtes,sl3ts
blurkes,bl3ks
gursed,g3st
cwoalte,kw5lt
gralde,gr{ld
snuphth,snVfT
sckwourped,skw9pt
tweathed,twiTt
struilt,strult
coarf,k9f
kleib,kl1b
ghruiffs,grufs
sckinnth,skInT
yirld,j3ld
praughps,pr9ps
wids,wIdz
crippth,krIpT
glilgn,glIln
ib,Ib
spraiced,spr1st
sprighms,spr2mz
skrugues,skrVgz
gwoughcks,gw9ks
vegns,vEnz
jup,_Vp
skirmn,sk3m
vons,vQnz
spoafths,sp5fTs
scauste,sk9st
lilve,lIlv
spymped,spImpt
gnyls,nIlz
nebbs,nEbz
croarsh,kr9S
krabes,kr1bz
skwalmbed,skw{lmd
stroopth,strupT
whulds,wVldz
screrdge,skr3_
shreighmbth,Sr1mT
braugns,br9nz
wainds,w1ndz
thrifts,TrIfts
sckwencks,skwENks
twoughque,tw9k
knuvved,nVvd
rirsed,r3st
baips,b1ps
scroggs,skrQgz
thoards,T9dz
spraughste,spr9st
kwurfth,kw3fT
ricts,rIkts
crelched,krElJt
jird,_3d
thrirr,Tr3
snuts,snVts
gneiths,n1Ts
shoargnth,S9nT
gwoarlts,gw9lts
shryksed,SrIkst
peente,pint
sckralced,skr{lst
craughphs,kr9fs
psorph,s9f
vadd,v{d
splikked,splIkt
kieff,k2f
thweuved,Twuvd
kreumth,krumT
yoaksed,j5kst
truked,trukt
holph,hQlf
terp,t3p
proacced,pr5kst
ghwonths,gwQnTs
ghoscks,gQsks
ceeph,sif
ghwourz,gw9z
stremb,strEm
traitched,tr1Jt
blicsed,blIkst
ghol,gQl
phleagued,fligd
cwawced,kw9st
reighmb,r1m
holned,hQlnd
swaughnths,sw9nTs
squacked,skw{kt
whighzed,w2zd
dwepped,dwEpt
phloughgs,fl9gz
kwerth,kw3T
skwoam,skw5m
quimpt,kwImpt
thwynks,TwINks
scwontce,skwQnts
gruys,gr2z
ghwanz,gw{nz
psooked,sukt
shroid,Sr4d
ghlypths,glIpTs
nilns,nIlnz
wreethed,riTt
claid,kl1d
tweage,twi_
ghleutts,gluts
gnornte,n9nt
whuphths,wVfTs
pheebb,fib
cruths,krVTs
theightch,T1J
phlormbed,fl9md
gweaphs,gwifs
gwilt,gwIlt
rhighb,r2b
stroodes,strudz
scrilgn,skrIln
krisked,krIskt
scrykes,skr2ks
sckeib,sk1b
prowge,pr6_
clighs,kl2z
vuissed,vust
ghleel,glil
sckwear,skw7
sweammed,swimd
stroans,str5nz
thripped,TrIpt
clefth,klEfT
keeshed,kiSt
quimpse,kwImps
gnourlte,n9lt
spaves,sp1vz
poadged,p5_d
joakced,_5kst
skerst,sk3st
skruitts,skruts
sckwilvs,skwIlvz
scwighcs,skw2ks
droughms,dr9mz
skraiffth,skr1fT
plersh,pl3S
sckreadged,skri_d
wreppth,rEpT
spoughlds,sp9ldz
deubs,dubz
sprur,spr3
kwece,kwis
plawmbed,pl9md
lunce,lVns
voozz,vuz
yanes,j1nz
phrointe,fr4nt
thwargned,Tw#nd
frighnth,fr2nT
chirc,J3k
sloughfths,sl9fTs
zeult,zult
twemps,twEmps
spoughd,sp9d
jisked,_Iskt
phlauc,fl9k
cawth,k9T
craughth,kr9T
twurmths,tw3mTs
kowdge,k6_
snoice,sn4s
scrorzed,skr9zd
whighphths,w2fTs
kowdged,k6_d
smyke,sm2k
scwoand,skw5nd
swols,swQlz
gwoost,gwust
sckwilmed,skwIlmd
scrumfs,skrVmfs
mauphth,m9fT
kuique,kuk
zinks,zINks
thwaiche,Tw1S
spreaggs,sprigz
veagues,vigz
thauvved,T9vd
gicsts,gIksts
stomfed,stQmft
bouth,b6T
gwaipe,gw1p
quoops,kwups
bloarmths,bl9mTs
ghoac,g5k
gwoinnth,gw4nT
kleest,klist
shreemmed,Srimd
kledds,klEdz
muibbs,mubz
sckrisped,skrIspt
skwuibed,skwubd
fleice,fl1s
geiphed,_1ft
shrirthe,Sr3D
pulmb,pVlm
twarshed,tw#St
greech,griJ
knilked,nIlkt
ghrefths,grEfTs
thraunths,Tr9nTs
wroarche,r9S
scwanks,skw{Nks
ghylphed,gIlft
worsed,w9st
pripced,prIpst
bloughled,bl9ld
thwurced,Tw3st
knante,n{nt
gnares,n8z
skypht,skIft
krorphths,kr9fTs
ruined,rund
ghweam,gwim
kwoophed,kwuft
spifed,sp2ft
quoughze,kw9z
smirmed,sm3md
lurmn,l3m
thrarfs,Tr#fs
dwoughm,dw9m
yarmb,j#m
sckolm,skQlm
guinked,gINkt
floxte,flQkst
ghrernths,gr3nTs
squorths,skw9Ts
crauds,kr9dz
prarnte,pr#nt
floaped,fl5pt
guephth,gEfT
knisk,nIsk
drurp,dr3p
trieced,trist
sckwurgns,skw3nz
crownge,kr6n_
lourpth,l9pT
scroze,skr5z
yaint,j1nt
spaigned,sp1nd
thrirths,Tr3Ts
skreized,skr1zd
drourthed,dr9Tt
neighphths,n1fTs
trinde,trInd
psighmths,s2mTs
frippth,frIpT
peame,pim
ghwilked,gwIlkt
sckrilthed,skrIlTt
gwens,gwEnz
kridds,krIdz
ruld,rVld
thilce,TIls
shruifed,Sruft
slead,slid
craithed,kr1Tt
phrauled,fr9ld
sprempte,sprEmpt
sckoardge,sk9_
scruized,skruzd
clorld,kl9ld
tweighps,tw1ps
sneedes,snidz
wruique,ruk
psulched,sVlJt
streedge,stri_
kroaged,kr5_d
dulfs,dVlfs
spylp,spIlp
drolged,drQl_d
zoad,z5d
phruphs,frVfs
ghwykced,gwIkst
mounn,m6n
krounced,kr6nst
soncks,sQNks
sckwagues,skw{gz
squylcks,skwIlks
yertch,j3J
flilved,flIlvd
cwourp,kw9p
klutt,klVt
skwyfe,skw2f
whoughphths,w9fTs
barpht,b#ft
mighced,m2st
breesed,brist
phreme,frim
gharged,g#_d
sckwinz,skwInz
cramth,kr{mT
gloophths,glufTs
psenn,sEn
steke,stik
ghrurve,gr3v
blownce,bl6ns
scwoanths,skw5nTs
sckworfth,skw9fT
erphths,3fTs
naughck,n9k
slirt,sl3t
dwosts,dwQsts
thweicked,Tw1kt
wheephth,wifT
roush,r6S
gluks,glVks
skwisck,skwIsk
dweecs,dwiks
claufths,kl9fTs
skraunch,skr9nJ
grourpth,gr9pT
flisk,flIsk
bolfed,bQlft
yuifs,jufs
dourst,d9st
brams,br{mz
laicked,l1kt
dwoscs,dwQsks
pluizz,pluz
sckrurgn,skr3n
smirphth,sm3fT
sckartes,sk#ts
sute,sjut
ghweudge,gwu_
krantse,kr{nts
chuin,Jun
glifs,glIfs
zaudged,z9_d
shrarpes,Sr#ps
kwyx,kwIks
maiggs,m1gz
knogged,nQgd
quyfth,kwIfT
gryct,grIkt
hankced,h{Nkst
craughph,kr9f
rhorphths,r9fTs
ardged,#_d
ghlolph,glQlf
scoffth,skQfT
skreaque,skrik
plurme,pl3m
spelked,spElkt
skwoidds,skw4dz
phuidged,fu_d
thowts,T6ts
smeighld,sm1ld
thounge,T6n_
zufths,zVfTs
ghlulled,glVld
phlarcked,fl#kt
smergned,sm3nd
spleuvvs,spluvz
golt,gQlt
whompt,wQmpt
dwaind,dw1nd
joarst,_9st
ghloodge,glu_
dreelt,drilt
wrornde,r9nd
sckwowt,skw6t
quaiched,kw1Jt
jokt,_Qkt
drounths,dr6nTs
squolked,skwQlkt
scwurth,skw3T
ghlapht,gl{ft
kleussed,klust
scwynked,skwINkt
lershed,l3St
voigned,v4nd
haphth,h{fT
thwaughnde,Tw9nd
skwaubs,skw9bz
balmb,b{lm
knaughphs,n9fs
scap,sk{p
smext,smEkst
ghrainned,gr1nd
sanse,s{ns
upth,VpT
shrifed,Sr2ft
gourgue,g9g
skwauced,skw9st
twoach,tw5J
ghwaiped,gw1pt
straughgs,str9gz
glaughdged,gl9_d
ophs,Qfs
unds,Vndz
ghrawled,gr9ld
boarf,b9f
phlessed,flEst
rheumth,rumT
eesh,iS
glauck,gl9k
frared,fr8d
klaipth,kl1pT
sckwauve,skw9v
squeedged,skwi_d
smussed,smVst
quiethe,kw2D
cwyned,kw2nd
scrosped,skrQspt
ghrarts,gr#ts
darmed,d#md
woughgued,w9gd
spliscked,splIskt
struik,struk
frilths,frIlTs
huik,huk
speste,spEst
strivved,strIvd
sckweegged,skwigd
phlerlts,fl3lts
snoughm,sn9m
stoagged,st5gd
gnauved,n9vd
zaib,z1b
ghwulths,gwVlTs
ghaugned,g9nd
ghleunte,glunt
gnaup,n9p
seegued,sigd
sneemb,snim
lournths,l9nTs
thrunked,TrVNkt
traughms,tr9mz
sneece,snis
phreids,fr1dz
skwiedd,skw2d
phrorsh,fr9S
yirlte,j3lt
squeaggs,skwigz
crelled,krEld
ghirdge,g3_
togued,t5gd
bryphth,brIfT
whulged,wVl_d
smeente,smint
ghlyn,glIn
gnylmbs,nIlmz
plaumbth,pl9mT
brerks,br3ks
theele,Til
twekte,twEkt
spluy,spl2
skeakes,skiks
frurb,fr3b
splads,spl{dz
treighmth,tr1mT
krarcked,kr#kt
whorntch,w9nJ
flynz,flInz
zog,zQg
skwaiph,skw1f
sckiefes,skifs
thrirls,Tr3lz
sckwimn,skwIm
gwighds,gw2dz
kaigged,k1gd
gruich,gruJ
splenksed,splENkst
highgued,h2gd
crighf,kr2f
swerth,sw3T
prurnes,pr3nz
yabs,j{bz
throphths,TrQfTs
phraughlte,fr9lt
skweugned,skwund
croanth,kr5nT
smocced,smQkst
freinth,fr1nT
dirphth,d3fT
sckryngs,skrINz
curgned,k3nd
thrylfed,TrIlft
glarves,gl#vz
gnidds,nIdz
seighsts,s1sts
ferkes,f3ks
scworntch,skw9nJ
sckwegue,skwEg
heeph,hif
scwel,skwEl
graughths,gr9Ts
threrns,Tr3nz
prarque,pr#k
thrarbes,Tr#bz
foude,f6d
streul,strul
feuvs,fuvz
twoughntch,tw9nJ
dwed,dwEd
ghunx,gVNks
spleinnth,spl1nT
scwypped,skwIpt
ghlelmn,glElm
serles,s3lz
cwalb,kw{lb
thwumf,TwVmf
sloarl,sl9l
stosks,stQsks
cleends,klindz
streighved,str1vd
laiped,l1pt
fekced,fEkst
skwervs,skw3vz
sheegued,Sigd
miked,m2kt
joughgued,_9gd
sprist,sprIst
bruch,brVJ
truved,truvd
cwawsts,kw9sts
shroughdged,Sr9_d
geunte,_unt
whycked,wIkt
feeve,fiv
chinte,JInt
drornch,dr9nJ
wreiggs,r1gz
ghlaute,gl9t
charced,J#st
cwiende,kw2nd
niev,n2v
squylthed,skwIlTt
smelse,smEls
scwagnth,skw{nT
pheembed,fimd
stewste,stjust
psimpce,sImps
fewnt,fjunt
scwened,skwind
sckraughd,skr9d
wrelphs,rElfs
blighcks,bl2ks
slootes,sluts
shuggs,SVgz
shresck,SrEsk
drourgns,dr9nz
youghste,j9st
peiche,p1S
flighned,fl2nd
tighsed,t2st
quempce,kwEmps
steunths,stunTs
crodds,krQdz
plelte,plElt
wholv,wQlv
dweafe,dwif
sckybe,sk2b
tweighque,tw1k
jirthe,_3D
shimped,SImpt
blawned,bl9nd
snoughlts,sn9lts
phleinnth,fl1nT
snaced,sn1st
knugg,nVg
thurz,T3z
rhoughpth,r9pT
threiff,Tr1f
brasts,br{sts
foarb,f9b
phaives,f1vz
zeast,zist
froughmn,fr9m
fesps,fEsps
shreenths,SrinTs
stroughnde,str9nd
gnourle,n9l
seanth,sinT
glumfs,glVmfs
noanths,n5nTs
quorbed,kw9bd
sprancsed,spr{Nkst
ghweifth,gw1fT
screimms,skr1mz
glolmn,glQlm
gawmth,g9mT
snalv,sn{lv
tawpths,t9pTs
cwyles,kw2lz
cich,sIJ
pomfed,pQmft
doughgue,d9g
squeubb,skwub
val,v{l
swoommed,swumd
floads,fl5dz
stenged,stEn_d
kweemmth,kwimT
boashed,b5St
swarrs,sw#z
rhurced,r3st
phounn,f6n
stroarmb,str9m
slyl,slIl
scraindge,skr1n_
phrynz,frInz
rhoughdged,r9_d
threnk,TrENk
cwyngs,kwINz
squefes,skwifs
guixt,gIkst
scwogued,skw5gd
sckrelched,skrElJt
quarled,kw#ld
ghweighms,gw1mz
stroarve,str9v
skwosp,skwQsp
wralde,r{ld
skoarce,sk9s
squiks,skwIks
blooved,bluvd
flomb,flQm
tronque,trQNk
stouths,st6Ts
curgue,k3g
sorgued,s9gd
wrorlts,r9lts
thyll,TIl
dwawve,dw9v
zeegns,zinz
smobb,smQb
skoarfs,sk9fs
phleulds,fluldz
rulfs,rVlfs
kwoase,kw5s
cheales,Jilz
bloognth,blunT
twump,twVmp
tuic,tuk
driell,dr2l
smeegg,smig
ghlighvs,gl2vz
snolned,snQlnd
gwaughbed,gw9bd
slusked,slVskt
wrowste,r6st
dreaffth,drifT
nathed,n{Tt
vaukks,v9ks
spriphths,sprIfTs
ghraz,gr{z
whaippth,w1pT
voltch,vQlJ
drorps,dr9ps
splength,splENT
braim,br1m
threlcks,TrElks
smubbed,smVbd
tweighmbs,tw1mz
zoatt,z5t
smarph,sm#f
shountse,S6nts
skawked,sk9kt
foogues,fugz
ghernts,g3nts
choarth,J9T
ghlyv,glIv
ghlylled,glIld
yaudds,j9dz
drond,drQnd
jilched,_IlJt
skwinks,skwINks
jawck,_9k
clighps,kl2ps
zaill,z1l
bruinths,brunTs
brorce,br9s
cwunnth,kwVnT
phloughfed,fl9ft
wrawnte,r9nt
thwaub,Tw9b
sirms,s3mz
trurge,tr3_
streists,str1sts
sprighst,spr2st
skoques,sk5ks
swourlt,sw9lt
shreighgn,Sr1n
lourte,l9t
spleasts,splists
shorste,S9st
drolc,drQlk
luzzed,lVzd
heags,higz
grols,grQlz
sckwoov,skwuv
knolgns,nQlnz
porks,p9ks
squilthed,skwIlTt
kecs,kEks
screwt,skrut
drourphs,dr9fs
breene,brin
twowl,tw6l
geel,_il
bleupth,blupT
wobs,wQbz
ghreunnth,grunT
drarze,dr#z
micte,mIkt
fuis,fuz
zenned,zEnd
clycts,klIkts
cwawns,kw9nz
stiffed,stIft
ternte,t3nt
spleighled,spl1ld
shrighsts,Sr2sts
prok,prQk
flurls,fl3lz
momf,mQmf
dylmb,dIlm
griett,gr2t
stoiles,st4lz
phloaggs,fl5gz
sckeighths,sk1Ts
mamth,m{mT
squoughlts,skw9lts
cherkes,J3ks
ghloashed,gl5St
dwirgs,dw3gz
shrolve,SrQlv
jiete,_it
fluin,flun
sckruigged,skrugd
pseaf,sif
frithed,frITt
rhermth,r3mT
smeak,smik
grounse,gr6ns
waitched,w1Jt
traffed,tr{ft
graped,gr1pt
blern,bl3n
zankced,z{Nkst
cruibbs,krubz
thowched,T6Jt
soofs,sufs
snauced,sn9st
knurcks,n3ks
troks,trQks
faitch,f1J
proughls,pr9lz
gersts,_3sts
whoodge,wu_
weece,wis
snuncs,snVNks
knootts,nuts
soost,sust
spusps,spVsps
sckeans,skinz
thwarfes,Tw#fs
phlepths,flEpTs
thwantch,Tw{nJ
canque,k{Nk
boargs,b9gz
kwincsed,kwINkst
ghoxt,gQkst
sckaumth,sk9mT
deivs,d1vz
preems,primz
pruinte,prunt
bappth,b{pT
splopps,splQps
psurche,s3S
zeedd,zid
teent,tint
krunths,krVnTs
snelked,snElkt
sckurpth,sk3pT
snaughgues,sn9gz
shoughnds,S9ndz
smighque,sm2k
ghwins,gwInz
stufth,stVfT
skreph,skrEf
frypt,frIpt
sckretch,skrEJ
bruiste,brust
twucte,twVkt
koodge,ku_
sckwoossed,skwust
stame,st1m
starlt,st#lt
pighfths,p2fTs
swumpt,swVmpt
strunnth,strVnT
thense,TEns
chuiphs,Jufs
kweuffed,kwuft
wootts,wuts
rorcked,r9kt
thwelch,TwElJ
wrarthed,r#Tt
hoofth,hufT
lerphths,l3fTs
whiked,w2kt
flurnds,fl3ndz
splyd,splId
skun,skVn
snorgue,sn9g
psalf,s{lf
keabe,kib
phroughbed,fr9bd
sneifed,sn1ft
floughnths,fl9nTs
fannth,f{nT
twafed,tw1ft
smowged,sm6_d
frycsed,frIkst
swimpse,swImps
cweighde,kw1d
splunkced,splVNkst
shorms,S9mz
tirsed,t3st
ghymn,gIm
plygged,plIgd
smeegs,smigz
cwoopths,kwupTs
rhoarpth,r9pT
deend,dind
cighm,s2m
crurves,kr3vz
zalcked,z{lkt
blounds,bl6ndz
lenn,lEn
kweppth,kwEpT
wrouns,r6nz
sckacts,sk{kts
fleivved,fl1vd
shrunte,SrVnt
gwirphth,gw3fT
shrourb,Sr9b
zancks,z{Nks
splewnt,splunt
kwyffth,kwIfT
feems,fimz
trilque,trIlk
gylged,gIl_d
throurck,Tr9k
crourntch,kr9nJ
eighphths,1fTs
wredged,rE_d
thaib,T1b
sprolv,sprQlv
thoant,T5nt
cwelced,kwElst
gnympts,nImpts
sckrycte,skrIkt
gharfed,g#ft
steissed,st1st
skrord,skr9d
girlde,g3ld
thwuipped,Twupt
skoaked,sk5kt
gneagned,nind
guempse,gEmps
chosped,JQspt
ghweec,gwik
swounse,sw6ns
ghloughlts,gl9lts
thwieff,Tw2f
dwunx,dwVNks
thish,TIS
throodged,Tru_d
traughd,tr9d
gleuzed,gluzd
bloov,bluv
stapts,st{pts
scambs,sk{mz
thwounce,Tw6ns
thwisped,TwIspt
skwelse,skwEls
theagues,Tigz
snescks,snEsks
plenk,plENk
sloitt,sl4t
stuiph,stuf
soark,s9k
gwauvs,gw9vz
blirms,bl3mz
scaughths,sk9Ts
yaims,j1mz
glye,gl2
phleumths,flumTs
shountce,S6nts
pyngth,pINT
smurr,sm3
skweuphths,skwufTs
snulgns,snVlnz
sckrielde,skr2ld
tourge,t9_
scwummth,skwVmT
slilgned,slIlnd
splaiked,spl1kt
prubbs,prVbz
scroobs,skrubz
beighphths,b1fTs
quarb,kw#b
narth,n#T
sckaph,sk{f
merched,m3Jt
gwuimms,gwumz
glilped,glIlpt
gneegues,nigz
caigged,k1gd
smoists,sm4sts
wuinths,wunTs
threepes,Trips
pirgns,p3nz
gnilped,nIlpt
thwas,Tw{s
braughf,br9f
ghwourphths,gw9fTs
dwoughde,dw9d
phrynze,frInz
thwapts,Tw{pts
shrins,SrInz
ghlighte,gl2t
sckroargns,skr9nz
leighked,l1kt
spobbs,spQbz
pilsed,pIlst
bourbed,b9bd
plongs,plQNz
ghwawshed,gw9St
quoagged,kw5gd
cwerbed,kw3bd
ghwighm,gw2m
ceabbed,sibd
pseiked,s1kt
spryct,sprIkt
phlisks,flIsks
stefs,stEfs
bylps,bIlps
slawgs,sl9gz
swyphth,swIfT
splirve,spl3v
skrenc,skrENk
slirn,sl3n
ghwormth,gw9mT
vowse,v6s
sckwoavved,skw5vd
gneind,n1nd
fruze,fruz
smolned,smQlnd
smuims,smumz
claifs,kl1fs
kwalds,kw{ldz
usc,Vsk
scynkced,skINkst
spoofth,spufT
skwowz,skw6z
daughsed,d9st
squeick,skw1k
garths,g#Ts
kaufs,k9fs
jawnths,_9nTs
grafes,gr1fs
sckilf,skIlf
knowch,n6J
spreiffs,spr1fs
knaughph,n9f
squyx,skwIks
sckweatch,skwiJ
kwoopes,kwups
psolque,sQlk
pasp,p{sp
fleam,flim
ghaughmbs,g9mz
dyphths,dIfTs
kwolked,kwQlkt
dwauz,dw9z
smykked,smIkt
shreafs,Srifs
haifed,h1ft
phraughzed,fr9zd
kulch,kVlJ
koarved,k9vd
sweigged,sw1gd
hancsed,h{Nkst
zergn,z3n
scrighved,skr2vd
bemth,bEmT
cwirph,kw3f
lyxt,lIkst
ghancs,g{Nks
nourk,n9k
smeeched,smiJt
phreenes,frinz
yuimbth,jumT
crirnth,kr3nT
ghwowse,gw6s
kirmn,k3m
thwefed,Twift
strodds,strQdz
smeetched,smiJt
kysks,kIsks
glolphs,glQlfs
thrond,TrQnd
sckrurls,skr3lz
lacts,l{kts
gnaped,n1pt
sleached,sliJt
drylched,drIlJt
trighgues,tr2gz
bleeffed,blift
sckrynthed,skrInTt
groiles,gr4lz
krommed,krQmd
naufths,n9fTs
sckweelds,skwildz
koughv,k9v
bonn,bQn
sckwoarbs,skw9bz
phraitched,fr1Jt
nuithe,nuD
spraumth,spr9mT
thwainds,Tw1ndz
feen,fin
ghwoome,gwum
thrarled,Tr#ld
ghryth,grIT
piscked,pIskt
ghlemphs,glEmfs
deuste,dust
gweps,gwEps
twerphs,tw3fs
proarps,pr9ps
rorf,r9f
spurfs,sp3fs
crelmbed,krElmd
vocsed,vQkst
chiggs,JIgz
sprirgned,spr3nd
cleighped,kl1pt
whoadged,w5_d
squaivs,skw1vz
shirzed,S3zd
ghwipths,gwIpTs
fouds,f6dz
chymbs,JImz
streimbth,str1mT
quorlt,kw9lt
crerps,kr3ps
minned,mInd
yoagned,j5nd
pruke,pruk
gende,_End
thongth,TQNT
shrartes,Sr#ts
nike,n2k
smeukks,smuks
threuze,Truz
thwulvs,TwVlvz
twiscks,twIsks
yaidged,j1_d
gewlt,_ult
swoark,sw9k
phyfs,fIfs
smylbs,smIlbz
scwyck,skwIk
rounnth,r6nT
skilcked,skIlkt
skreil,skr1l
jympts,_Impts
smoules,sm6lz
scwutt,skwVt
droulls,dr6lz
krez,krEz
thoush,T6S
grued,grud
noughphs,n9fs
skrikes,skr2ks
steunde,stund
proughzed,pr9zd
cwarmed,kw#md
spuiz,spuz
zysk,zIsk
goughsed,g9st
shrerfths,Sr3fTs
shrarmed,Sr#md
skwawlte,skw9lt
kroughks,kr9ks
psyms,sImz
sckwaite,skw1t
gweifs,gw1fs
pold,pQld
sploze,spl5z
dwike,dw2k
wilm,wIlm
prorbed,pr9bd
splerked,spl3kt
psarsh,s#S
freaped,fript
phighgue,f2g
swammth,sw{mT
toabbed,t5bd
cloused,kl6st
whirpth,w3pT
gnirge,n3_
unts,Vnts
ghwoopped,gwupt
skrygue,skrIg
scrirmth,skr3mT
chaugg,J9g
ghabs,g{bz
skwikks,skwIks
swaukks,sw9ks
gewk,_uk
wroarlts,r9lts
plormed,pl9md
suncs,sVNks
shrype,Sr2p
theicked,T1kt
klorgned,kl9nd
ghyscked,gIskt
filph,fIlf
surgs,s3gz
blark,bl#k
grir,gr3
spryche,sprIS
pseuffs,sufs
ceephs,sifs
gweakes,gwiks
skrancks,skr{Nks
plews,pluz
duiled,duld
sckreased,skrist
rokced,rQkst
creised,kr1st
swampt,sw{mpt
plapse,pl{ps
hogned,hQnd
quawze,kw9z
crorved,kr9vd
knirgn,n3n
skyzzed,skIzd
sprauked,spr9kt
ghawche,g9S
thwoove,Twuv
snuinth,snunT
skoargued,sk9gd
smaulde,sm9ld
lunz,lVnz
quogued,kw5gd
clilned,klIlnd
shontz,SQnts
skophths,skQfTs
thylped,TIlpt
shreuphth,SrufT
whemped,wEmpt
skroined,skr4nd
floogged,flugd
zeighst,z1st
wynnth,wInT
sules,sjulz
phruscked,frVskt
cwounned,kw6nd
lootch,luJ
bliec,bl2k
frobbs,frQbz
ghwerzed,gw3zd
poambs,p5mz
plournts,pl9nts
spaiffth,sp1fT
sckrarte,skr#t
swighv,sw2v
phlypts,flIpts
klootched,kluJt
braughmbs,br9mz
klilks,klIlks
cwalls,kw{lz
skweutts,skwuts
cleighnt,kl1nt
posk,pQsk
ghrombth,grQmT
drynch,drInJ
dweizzed,dw1zd
thwoughds,Tw9dz
blooppth,blupT
sprerl,spr3l
swoiz,sw4z
skwonced,skwQnst
vips,vIps
suilled,suld
skoommed,skumd
splornte,spl9nt
gwoln,gwQln
splownth,spl6nT
frarls,fr#lz
holf,hQlf
vourse,v9s
leucks,luks
squeums,skwumz
nourgned,n9nd
feebbed,fibd
kraughlts,kr9lts
gneived,n1vd
sckymphed,skImft
slelps,slElps
guarl,g#l
vofte,vQft
squedes,skwidz
yinced,jInst
zub,zVb
grourg,gr9g
ghleuste,glust
drourlte,dr9lt
murlts,m3lts
cwaughnds,kw9ndz
dwovved,dwQvd
ghinck,gINk
tynths,tInTs
sweemb,swim
dwealls,dwilz
splaughmn,spl9m
psegg,sEg
tighgs,t2gz
cilged,sIl_d
gralch,gr{lJ
cleebbs,klibz
kreitched,kr1Jt
ghrects,grEkts
phowt,f6t
frached,fr{Jt
sheecks,Siks
scoughnte,sk9nt
ralmb,r{lm
tordge,t9_
ghleephed,glift
ghwoughlts,gw9lts
gealls,_ilz
dwoarns,dw9nz
broas,br5z
fooved,fuvd
dweuse,dwus
huissed,hust
kolv,kQlv
gloldged,glQl_d
smoarche,sm9S
phlourdged,fl9_d
kwourmbs,kw9mz
tweigue,tw1g
kux,kVks
ghrylp,grIlp
cheent,Jint
dwolmb,dwQlm
smoughcs,sm9ks
voughd,v9d
gherge,g3_
arps,#ps
zurc,z3k
sckasked,sk{skt
ghrelmn,grElm
phoomn,fum
smeavved,smivd
teussed,tust
chuiths,JuTs
glewph,gluf
soonds,sundz
glilce,glIls
plups,plVps
vaitts,v1ts
kweuled,kwuld
pynsed,pInst
cwibbs,kwIbz
puis,puz
sturched,st3Jt
pholms,fQlmz
splonck,splQNk
scighfed,sk2ft
treish,tr1S
fliced,fl2st
pieff,p2f
grirgued,gr3gd
kulph,kVlf
quantz,kw{nts
nainte,n1nt
deipths,d1pTs
phraive,fr1v
scredge,skrE_
deugues,dugz
phouced,f6st
fluss,flVs
jeemms,_imz
trosque,trQsk
thwauls,Tw9lz
freukked,frukt
wraifth,r1fT
dweif,dw1f
twecsed,twEkst
ghraike,gr1k
scrurmes,skr3mz
tailts,t1lts
sckwouthed,skw6Tt
dweepths,dwipTs
volmbed,vQlmd
doarnths,d9nTs
wifts,wIfts
kwyste,kwIst
throrgned,Tr9nd
psourgned,s9nd
gweiths,gw1Ts
breapes,brips
yonked,jQNkt
sckrikts,skrIkts
lyngth,lINT
proques,pr5ks
zagged,z{gd
pseng,sEN
whouds,w6dz
sckwirnte,skw3nt
scroulte,skr6lt
moafes,m5fs
spankced,sp{Nkst
vasp,v{sp
jalthed,_{lTt
scwyst,skwIst
cwysks,kwIsks
greunn,grun
spleck,splEk
blooff,bluf
posks,pQsks
krounths,kr6nTs
thowth,T6T
crotched,krQJt
prurfs,pr3fs
squoarse,skw9s
ghedds,gEdz
phreathe,friD
ghewnte,gjunt
clelse,klEls
wrourths,r9Ts
pluizzed,pluzd
cwaits,kw1ts
whighsts,w2sts
claides,kl1dz
pourved,p9vd
phluidd,flud
chailed,J1ld
zoissed,z4st
mawphth,m9fT
selcs,sElks
screumn,skrum
stoughdged,st9_d
kweind,kw1nd
rheuths,ruTs
dweighnd,dw1nd
blelcks,blElks
sheent,Sint
meucked,mukt
splynx,splINks
shroarth,Sr9T
tinths,tInTs
fampte,f{mpt
puped,pjupt
yawnds,j9ndz
shrailts,Sr1lts
huss,hVs
fraigs,fr1gz
daule,d9l
pseannth,sinT
ghwafts,gw{fts
cowned,k6nd
zeakked,zikt
honth,hQnT
bourmb,b9m
cheiffth,J1fT
squocked,skwQkt
plankced,pl{Nkst
cwaughgns,kw9nz
squeeged,skwi_d
thuippth,TupT
smawsed,sm9st
lukts,lVkts
skwark,skw#k
dalse,d{ls
voavvs,v5vz
streth,strET
dreappth,dripT
sckroalte,skr5lt
ghwant,gw{nt
thweighths,Tw1Ts
ghwarned,gw#nd
drourque,dr9k
brawnde,br9nd
snolcs,snQlks
cwosps,kwQsps
skoarmbs,sk9mz
chylgned,JIlnd
gneighnts,n1nts
spolmbs,spQlmz
sckelms,skElmz
plurt,pl3t
swurlt,sw3lt
rylde,rIld
squempse,skwEmps
threignth,Tr1nT
sckwugn,skwVn
sckycced,skIkst
klesed,klist
skroldge,skrQl_
kwype,kw2p
ghrirgs,gr3gz
lurles,l3lz
squaiked,skw1kt
trolcs,trQlks
psaffs,s{fs
smugned,smVnd
smoarlde,sm9ld
scuidged,sku_d
gwyndged,gwIn_d
whighm,w2m
prolms,prQlmz
raufth,r9fT
craicked,kr1kt
quoarfs,kw9fs
goaff,g5f
freish,fr1S
ghlaiph,gl1f
joln,_Qln
owlts,6lts
wrenzed,rEnzd
thwelcks,TwElks
twaik,tw1k
sterque,st3k
peighlt,p1lt
slieze,sliz
skraughgnth,skr9nT
brauked,br9kt
haupps,h9ps
blipe,bl2p
sleembed,slimd
skwoanned,skw5nd
ghwesed,gwist
doonth,dunT
poundged,p6n_d
dwuigues,dwugz
scrorlte,skr9lt
ghroargnth,gr9nT
thralph,Tr{lf
ghwalth,gw{lT
quenze,kwEnz
straived,str1vd
smeunds,smundz
choaphths,J5fTs
thwirced,Tw3st
gleighthe,gl1D
jeal,_il
chusk,JVsk
phlalms,fl{lmz
shormn,S9m
ploughgns,pl9nz
mawced,m9st
quott,kwQt
leuffth,lufT
ghraumbth,gr9mT
wicced,wIkst
deved,divd
thwoacs,Tw5ks
yoncsed,jQNkst
moutes,m6ts
trawcks,tr9ks
skwaignth,skw1nT
dolved,dQlvd
dweze,dwiz
squett,skwEt
sckwynz,skwInz
gnuvvs,nVvz
mighg,m2g
stowged,st6_d
dwibs,dwIbz
seuthed,suTt
kilmbed,kIlmd
weemmed,wimd
knooke,nuk
kweuffth,kwufT
swaipes,sw1ps
scrawced,skr9st
skwurf,skw3f
thwilmbs,TwIlmz
chache,J{S
klorch,kl9J
kreuths,kruTs
phloagues,fl5gz
thrikt,TrIkt
sploabbs,spl5bz
shufes,Sufs
strurles,str3lz
thrilcs,TrIlks
rolgn,rQln
stesed,stist
groarzed,gr9zd
phlimmed,flImd
proarms,pr9mz
kwoughled,kw9ld
sckroughthe,skr9D
gwepth,gwEpT
yountce,j6nts
swyte,sw2t
skwurmbth,skw3mT
squeucked,skwukt
yeafed,jift
klaf,kl{f
dwesp,dwEsp
twoath,tw5T
skwaugns,skw9nz
psyscked,sIskt
spemfs,spEmfs
gwekte,gwEkt
ghrerne,gr3n
shewche,SuS
klarne,kl#n
sckeembth,skimT
bincsed,bINkst
sprird,spr3d
oob,ub
splynksed,splINkst
phlarth,fl#T
glounsed,gl6nst
shimb,SIm
yukts,jVkts
cleubbed,klubd
twifths,twIfTs
paumn,p9m
sckeev,skiv
heighps,h1ps
bipes,b2ps
thauggs,T9gz
gwaughthe,gw9D
thammth,T{mT
sciepes,skips
cwauff,kw9f
stucte,stVkt
thwon,TwQn
ghrompte,grQmpt
spaimbed,sp1md
sckrurnte,skr3nt
snailled,sn1ld
prybs,prIbz
thropes,Tr5ps
werne,w3n
dynx,dINks
ghoissed,g4st
pseadged,si_d
fibes,f2bz
zeeph,zif
veavs,vivz
tweidd,tw1d
pasc,p{sk
ghact,g{kt
sckardged,sk#_d
narr,n#
gleive,gl1v
pleevvs,plivz
swymth,swImT
staughp,st9p
sproats,spr5ts
thalcked,T{lkt
shryln,SrIln
crauste,kr9st
skwyv,skwIv
ghrarque,gr#k
fogued,f5gd
reashed,riSt
cwynes,kw2nz
kweamms,kwimz
gringth,grINT
skreumms,skrumz
drawlt,dr9lt
sprief,spr2f
saund,s9nd
clauste,kl9st
twoaffth,tw5fT
spleack,splik
sckoil,sk4l
cluimn,klum
sournth,s9nT
priepes,prips
yufte,jVft
fubed,fjubd
skroagues,skr5gz
rhourp,r9p
sckworshed,skw9St
tympte,tImpt
blophts,blQfts
phernts,f3nts
snarmb,sn#m
squoalt,skw5lt
gupsed,gVpst
kwylked,kwIlkt
throulde,Tr6ld
zelced,zElst
scrascs,skr{sks
brurk,br3k
quervs,kw3vz
skwusked,skwVskt
naughgns,n9nz
squoarfed,skw9ft
kweambs,kwimz
quowst,kw6st
sckugns,skVnz
vaughdged,v9_d
sckwede,skwid
prupt,prVpt
skwaiv,skw1v
flaizzed,fl1zd
sckreapth,skripT
pheupped,fupt
shownths,S6nTs
scaught,sk9t
scuimed,skumd
jonth,_QnT
cwiscked,kwIskt
ghoarmbed,g9md
glonced,glQnst
draist,dr1st
shraized,Sr1zd
yuinte,junt
truigs,trugz
veegn,vin
krymf,krImf
sproargue,spr9g
tworce,tw9s
yeighcks,j1ks
streifs,str1fs
phlerphed,fl3ft
skriebed,skribd
ghwinged,gwIn_d
glarcks,gl#ks
clead,klid
spleeche,spliS
stroughc,str9k
zeemmth,zimT
kloughm,kl9m
jorke,_9k
skrewte,skrut
preele,pril
thylcked,TIlkt
drighmth,dr2mT
dwoughmths,dw9mTs
phloande,fl5nd
smyn,smIn
phrerbed,fr3bd
rhoshed,rQSt
voopps,vups
sloissed,sl4st
shreuts,Sruts
sckwands,skw{ndz
skwoamn,skw5m
sckelp,skElp
pynged,pIn_d
craibb,kr1b
kloargue,kl9g
phimf,fImf
choalt,J5lt
flurfed,fl3ft
thweemmed,Twimd
smouced,sm6st
laif,l1f
dwaitt,dw1t
sprulbed,sprVlbd
fleered,fl7d
wheagues,wigz
spraumbed,spr9md
prighb,pr2b
grathed,gr{Tt
phrab,fr{b
zaughgues,z9gz
freests,frists
sckreuced,skrust
duled,djuld
scrurz,skr3z
gwyched,gwIJt
sckwaupths,skw9pTs
fliell,fl2l
gighgues,g2gz
gwinds,gwIndz
squynes,skw2nz
stroughl,str9l
zighthe,z2D
kraide,kr1d
klength,klENT
clofs,klQfs
slaughg,sl9g
sprealt,sprilt
dreighlds,dr1ldz
thrawvs,Tr9vz
shuphs,SVfs
swoules,sw6lz
gnaiche,n1S
sprorn,spr9n
scwuls,skwVlz
mintch,mInJ
snauns,sn9nz
meash,miS
treth,trET
blalved,bl{lvd
thont,TQnt
thwulf,TwVlf
frowle,fr6l
peebb,pib
bloatch,bl5J
sprytch,sprIJ
snaughck,sn9k
scoste,skQst
vylm,vIlm
yamed,j1md
toants,t5nts
soced,s5st
squighphs,skw2fs
thwoks,TwQks
doulled,d6ld
dwuf,dwVf
whoand,w5nd
strairs,str8z
twapte,tw{pt
clornes,kl9nz
skriers,skr7z
sckrits,skrIts
troors,tr9z
vimp,vImp
knoxe,n5ks
rhelge,rEl_
klortch,kl9J
cweutch,kwuJ
vowth,v6T
glength,glENT
cwynthed,kwInTt
squoigned,skw4nd
dwyc,dwIk
grawks,gr9ks
ghweusts,gwusts
flighks,fl2ks
cliscs,klIsks
wremf,rEmf
spens,spEnz
bighmbth,b2mT
vopce,vQps
shreip,Sr1p
speezz,spiz
snerfs,sn3fs
rherpths,r3pTs
thoughmth,T9mT
throushed,Tr6St
pourmbed,p9md
skrawks,skr9ks
spruys,spr2z
scimf,skImf
knintch,nInJ
koofth,kufT
phriksts,frIksts
gwarns,gw#nz
smawgued,sm9gd
zubb,zVb
shanked,S{Nkt
stond,stQnd
volge,vQl_
thweasts,Twists
trymmth,trImT
snigged,snIgd
blymfs,blImfs
ghalmn,g{lm
wrourfth,r9fT
frorved,fr9vd
glinde,glInd
vekte,vEkt
tyced,t2st
glurnth,gl3nT
throoze,Truz
sckrooths,skruTs
blaln,bl{ln
scroazz,skr5z
drawnt,dr9nt
thriese,Tris
plougn,pl6n
scraide,skr1d
roacs,r5ks
gooks,guks
floaksed,fl5kst
traibb,tr1b
sep,sEp
scwainge,skw1n_
gheepe,gip
knemmed,nEmd
scryndge,skrIn_
strooff,struf
fownths,f6nTs
scarcs,sk#ks
slalvs,sl{lvz
crees,kriz
gwarr,gw#
smimph,smImf
gnemms,nEmz
gnean,nin
tralb,tr{lb
psoscs,sQsks
ghlaits,gl1ts
strurged,str3_d
sploques,spl5ks
clooge,klu_
lusks,lVsks
spourled,sp9ld
skrarthe,skr#D
pubed,pjubd
shorved,S9vd
florl,fl9l
dreltch,drElJ
gharnths,g#nTs
orp,9p
goack,g5k
cugned,kVnd
cleinn,kl1n
thwirph,Tw3f
grapths,gr{pTs
murph,m3f
prulgn,prVln
cwos,kwQs
sckrorphed,skr9ft
chuinth,JunT
squommed,skwQmd
shrilf,SrIlf
kloome,klum
quores,kw9z
tuik,tuk
scrauphs,skr9fs
nuiks,nuks
norks,n9ks
squeigned,skw1nd
glirred,gl3d
gheenths,ginTs
thouched,T6Jt
shrisck,SrIsk
wraughdge,r9_
rheiffs,r1fs
fratt,fr{t
screlbs,skrElbz
skwegued,skwEgd
groached,gr5Jt
squac,skw{k
droured,dr9d
sabe,s1b
thrynds,TrIndz
galped,g{lpt
pheake,fik
flauved,fl9vd
sckwourmbed,skw9md
vinge,vIn_
gleic,gl1k
frersts,fr3sts
zeapes,zips
cherph,J3f
strighbs,str2bz
kerphed,k3ft
sckriegue,skr2g
snaiged,sn1_d
viege,vi_
zorked,z9kt
flimbs,flImz
smygged,smIgd
gleeths,gliTs
klolte,klQlt
sckwoomb,skwum
tourmbed,t9md
harrs,h#z
dwaults,dw9lts
clinnth,klInT
trumths,trVmTs
streunnth,strunT
klold,klQld
skwursts,skw3sts
vounde,v6nd
thwuntch,TwVnJ
sckruivvs,skruvz
drourge,dr9_
julphed,_Vlft
smoste,smQst
slornd,sl9nd
gnilv,nIlv
yalps,j{lps
thweibs,Tw1bz
gloofes,glufs
boarlt,b9lt
skwynsed,skwInst
sckwawmbth,skw9mT
sckwourched,skw9Jt
phars,f#z
queighned,kw1nd
sckwilque,skwIlk
sckwighse,skw2s
gloalds,gl5ldz
sweighg,sw1g
vawsh,v9S
swoxte,swQkst
snanzed,sn{nzd
ghwouths,gw6Ts
wrourthed,r9Tt
squeined,skw1nd
fif,fIf
sprynned,sprInd
dwusp,dwVsp
teennth,tinT
smouls,sm6lz
broand,br5nd
oatched,5Jt
teiffs,t1fs
knosps,nQsps
fliphth,flIfT
sckirnth,sk3nT
scweeps,skwips
dweesh,dwiS
phliefes,flifs
throom,Trum
flaumb,fl9m
fighzed,f2zd
phrards,fr#dz
snouse,sn6s
sckurced,sk3st
yeade,jid
keinge,k1n_
frift,frIft
ghwaucs,gw9ks
frealls,frilz
darg,d#g
clygg,klIg
trarge,tr#_
kleilled,kl1ld
caiggs,k1gz
skwighmn,skw2m
plybbs,plIbz
strylds,strIldz
sweaffs,swifs
kilthed,kIlTt
sckack,sk{k
thraughge,Tr9_
spleished,spl1St
maupth,m9pT
ghruitched,gruJt
twauf,tw9f
wrintch,rInJ
swosque,swQsk
chauff,J9f
